metric,baseline_start_min,baseline_start_max,baseline_start_spread,estimated_one_tick,within_one_tick,NSGA-II,NSGA-III,MOEA/D
F1-IV,0.42871179183324176,0.42871179183324176,0.0,0.09152440875768661,True,0.42871179183324176,0.42871179183324176,0.42871179183324176
F2-DEG,0.07658819357554113,0.07658819357554113,0.0,0.01766055040061474,True,0.07658819357554113,0.07658819357554113,0.07658819357554113
F3-CTA,1.1164599458376567,1.1164599458376567,0.0,0.2158839106559753,True,1.1164599458376567,1.1164599458376567,1.1164599458376567
Average objective value,0.5405866603056589,0.5405866603056589,0.0,0.09578918069601058,True,0.5405866603056589,0.5405866603056589,0.5405866603056589
Hypervolume,0.23027777777777778,0.23027777777777778,0.0,0.14150000000000001,True,0.23027777777777778,0.23027777777777778,0.23027777777777778
IGD,0.7538474466799392,0.7538474466799392,0.0,0.1823829311415305,True,0.7538474466799392,0.7538474466799392,0.7538474466799392
