method,front_points_mean,front_points_std,Final_F1_IV_mean,Final_F1_IV_std,Final_F2_DEG_mean,Final_F2_DEG_std,Final_F3_CTA_mean,Final_F3_CTA_std,Average_objective_mean,Average_objective_std,Raw_average_objective_mean,Raw_average_objective_std,HV_mean,HV_std,IGD_mean,IGD_std,KCSR_mean,KCSR_std,PAM_mean,PAM_std,Convergence_Generation_mean,Convergence_Generation_std
Knowledge-constrained NSGA-II,136.3,9.25184045064213,0.07176926856239636,0.02108413490228638,0.009412036696448921,0.003385850028592583,0.27769487698872886,0.05992961531631756,0.11962539454301198,0.02000851809007938,0.11962539454301198,0.02000851809007938,0.8386944444444444,0.019481648862481382,0.06726424673474055,0.014626438836174323,1.0,0.0,0.06761937501529852,0.009897558353139995,93.06666666666666,68.00452993701245
NSGA-II,135.0,0.0,0.109903767456611,0.014534821131157267,0.011884602904319762,0.0012734974357745939,0.2598988393942515,0.04247360568986705,0.1272290694216887,0.016254367321714515,0.1272290694216887,0.016254367321714515,0.77625,0.021630994064410436,0.09711631735388959,0.008998615411511836,1.0,0.0,0.10211387226978938,0.01030397423217064,189.1,57.63640492270309
NSGA-III,134.66666666666666,1.3729739514150896,0.10503481750686963,0.01611430714616309,0.011971682651589315,0.0015861369387747636,0.27064882616202035,0.03890584341523307,0.12921844224135082,0.015568718196343681,0.12921844224135082,0.015568718196343681,0.771111111111111,0.022200899732092653,0.09677117975068218,0.009545800164867273,1.0,0.0,0.10464450443784395,0.01059656851176427,177.26666666666668,65.77229965797798
MOEA/D,138.66666666666666,1.8815498624956686,0.13681399797399837,0.02276899334065701,0.025331265417238076,0.008066914871443903,0.26410184452931085,0.06145459915210007,0.14208236808578173,0.027256880121376892,0.14208236808578173,0.027256880121376892,0.7275277777777778,0.04976789197383987,0.13904194297537414,0.056357596096788136,1.0,0.0,0.13009609977404277,0.022814874180838215,87.13333333333334,98.23010751795249
